<?xml version="1.0"?>
<!--
  ~ Hibernate, Relational Persistence for Idiomatic Java
  ~
  ~ License: GNU Lesser General Public License (LGPL), version 2.1 or later.
  ~ See the lgpl.txt file in the root directory or <http://www.gnu.org/licenses/lgpl-2.1.html>.
  -->
<!DOCTYPE hibernate-mapping PUBLIC
        "-//Hibernate/Hibernate Mapping DTD 3.0//EN"
        "http://hibernate.sourceforge.net/hibernate-mapping-3.0.dtd">
 
<hibernate-mapping package="org.hibernate.cache.ehcache.test.domain">
	
	
	<class name="Book" table="mybook">
		<id name="isbn">
			<generator class="increment"/>
		</id>
		<property name="title" not-null="true"/>
		<property name="price" not-null="true"/>
	</class>
	
	
</hibernate-mapping>