<?xml version="1.0" encoding="UTF-8"?>
<beans xmlns="http://www.springframework.org/schema/beans"
    xmlns:xsi="http://www.w3.org/2001/XMLSchema-instance"
    xsi:schemaLocation="
        http://www.springframework.org/schema/beans http://www.springframework.org/schema/beans/spring-beans.xsd">

    <!-- bean definitions here -->
	<bean class="Employee" name="emp123" scope="singleton">
	<constructor-arg value="803443" ></constructor-arg>
	<constructor-arg value="Sudeb Dolui" ></constructor-arg>
	<constructor-arg value="Somewhere" ></constructor-arg>
	<constructor-arg value="8919440633" ></constructor-arg>
	<constructor-arg value="false" ></constructor-arg>
	</bean>
</beans>