<?xml version="1.0" encoding="UTF-8"?>
<!-- ~ Hibernate, Relational Persistence for Idiomatic Java ~ ~ License: 
    GNU Lesser General Public License (LGPL), version 2.1 or later. ~ See the 
    lgpl.txt file in the root directory or <http://www.gnu.org/licenses/lgpl-2.1.html>. -->
<!DOCTYPE hibernate-configuration PUBLIC
    "-//Hibernate/Hibernate Configuration DTD 3.0//EN"
    "http://www.hibernate.org/dtd/hibernate-configuration-3.0.dtd">
 
<hibernate-configuration>
    <session-factory>

        <property name="hibernate.hbm2ddl.auto">update</property>  <!-- Only for Development Env -->
        <property name="hibernate.generate_statistics">true</property>
        <property name="connection.pool_size">10</property>
        <property name="show_sql">true</property> <!-- Only for Development Env -->
        <property name="hibernate.dialect">org.hibernate.dialect.MySQL8Dialect</property>
        <property name="hibernate.connection.driver_class">com.mysql.cj.jdbc.Driver</property>
        <property name="hibernate.connection.url">jdbc:mysql://localhost:3306/hibernatedemo</property>
        <property name="hibernate.connection.username">root</property>
        <property name="hibernate.connection.password">SudebLaltu6@</property>
        <mapping class="Employee" />
        <mapping class="Laptop" />
<!--        <mapping class="Phone" />-->
    </session-factory>
</hibernate-configuration>