<?xml version="1.0" encoding="UTF-8"?>
<!-- XML rules verification done by xml name space -->
<beans xmlns="http://www.springframework.org/schema/beans"
    xmlns:xsi="http://www.w3.org/2001/XMLSchema-instance"
    xmlns:context="http://www.springframework.org/schema/context"
    xsi:schemaLocation="http://www.springframework.org/schema/beans
http://www.springframework.org/schema/beans/spring-beans.xsd
http://www.springframework.org/schema/context
http://www.springframework.org/schema/context/spring-context.xsd">

    <!-- Extensible Markup Language Name Space -->
    <!-- id is also name of bean and name is consider as alias name -->
    
    <bean class="com.sudeb.Laptop" name="mylaptop" scope="singleton">
        <!-- Dependency injection using Setter Methods -->
        <property name="lid" value="100"></property>
        <property name="cpu" value="Intel i7 8 Gen"></property>
        <property name="ram" value="16"></property>
    </bean>

     <bean class="com.sudeb.Employee" id="emp" scope="prototype">
         <!-- Dependency injection using constructor -->
         <constructor-arg value="06" ></constructor-arg>
         <constructor-arg value="Sudeb"></constructor-arg>
         <property name="laptop" ref="mylaptop"></property>
     </bean>
     
     <bean class="com.sudeb.Employee" id="emp1" scope="prototype">
         <!-- Dependency injection using constructor -->
         <constructor-arg value="18" ></constructor-arg>
         <constructor-arg value="Sindhu"></constructor-arg>
         <property name="laptop" ref="mylaptop"></property>
     </bean>
 </beans>
 