<?xml version="1.0" encoding="UTF-8"?>
<beans xmlns="http://www.springframework.org/schema/beans"
    xmlns:xsi="http://www.w3.org/2001/XMLSchema-instance"
    xsi:schemaLocation="
        http://www.springframework.org/schema/beans http://www.springframework.org/schema/beans/spring-beans.xsd">
	
<!--Bean Wiring-->
		
	<bean class = "SetterInject.FootballPlayer" id = "forlan">
		<property name = "football" value = "Reebok"></property>
		<property name = "boots" ref = "predator"></property>
	</bean>
	
	<bean class="SetterInject.FootballPlayer"  id = "kaka">
		<property name = "football" value = "Adidas"></property>
		<property name = "boots" ref = "predator"></property>
		</bean>
		
<!-- Bean Configuration -->

	<bean id = "predator" class = "SetterInject.Predator">
	</bean>
		</beans>