<?xml version="1.0" encoding="UTF-8"?>
<beans xmlns="http://www.springframework.org/schema/beans"
    xmlns:xsi="http://www.w3.org/2001/XMLSchema-instance"
    xsi:schemaLocation="
        http://www.springframework.org/schema/beans http://www.springframework.org/schema/beans/spring-beans.xsd">

    <!-- bean definitions here -->
	<bean class="Employee" name="emp123">
	<property name="empID" value="803443"></property>
	<property name="name" value="Sudeb Dolui"></property>
	<property name="address" value="Somewhere"></property>
	<property name="phone" value="8919440633"></property>
	<property name="salaryPaid" value="false"></property>
	</bean>
</beans>